Disease,Category,Common Symptoms,Orthodox (Conventional) Treatment,Herbal / Traditional Remedies (commonly referenced),Notes
Malaria (P. falciparum),Vector-borne,"Fever, chills, headache, sweating, body aches, fatigue, nausea",Artemisinin-based combination therapy (ACT) e.g. artemether-lumefantrine; IV artesunate for severe cases,Neem (Azadirachta indica) leaf decoction; Cryptolepis sanguinolenta (Yellow dye root); Artemisia annua tea,Confirm with RDT/microscopy before treatment; herbal use should not delay orthodox treatment
Malaria (P. vivax/ovale/malariae),Vector-borne,"Cyclical fever, chills, sweating, fatigue, splenomegaly","Chloroquine or ACT plus primaquine (for relapse prevention, G6PD test first)","Neem leaf, bitter leaf (Vernonia amygdalina) decoction",
Severe/Cerebral Malaria,Vector-borne,"Seizures, coma, confusion, high fever, jaundice","IV artesunate, supportive care, ICU management",Not recommended - medical emergency,Emergency; herbal remedies are not appropriate
Yellow Fever,Vector-borne (viral),"Fever, jaundice, muscle pain, headache, vomiting, bleeding","Supportive care (fluids, antipyretics); vaccination is primary prevention",Ginger and lemongrass tea for symptom relief only,Vaccine-preventable; no specific antiviral
Dengue Fever,Vector-borne (viral),"High fever, severe headache, joint/muscle pain, rash, retro-orbital pain","Supportive care, paracetamol (avoid NSAIDs/aspirin), fluid management","Papaya leaf juice (traditional, evidence limited)",Watch for warning signs of severe dengue
Chikungunya,Vector-borne (viral),"Sudden fever, severe joint pain, rash, headache","Supportive care, analgesics (paracetamol), rest","Ginger tea, turmeric for anti-inflammatory support",
Zika Virus Disease,Vector-borne (viral),"Mild fever, rash, conjunctivitis, joint pain",Supportive care; avoid NSAIDs until dengue excluded,Fluid-rich herbal teas for symptomatic relief,Pregnant women should seek prompt medical care
Onchocerciasis (River Blindness),Vector-borne (parasitic),"Itchy skin nodules, skin depigmentation, visual impairment",Ivermectin (annual/biannual mass drug administration),Not a substitute for ivermectin,
Lymphatic Filariasis (Elephantiasis),Vector-borne (parasitic),"Limb/scrotal swelling, skin thickening, fever during acute attacks",Diethylcarbamazine (DEC) + albendazole; hygiene/limb care,"Warm compresses, local plant-based poultices for comfort",
African Trypanosomiasis (Sleeping Sickness),Vector-borne (parasitic),"Fever, headache, joint pain, sleep disturbance, confusion (late stage)","Pentamidine, suramin, or fexinidazole depending on stage",Not recommended - requires specialist treatment,Requires laboratory diagnosis and specialist care
Typhoid Fever,Bacterial,"Prolonged fever, abdominal pain, headache, rose spots, constipation/diarrhea","Ciprofloxacin, ceftriaxone, or azithromycin depending on resistance patterns","Guava leaf tea, bitter kola (Garcinia kola) for symptomatic support",Confirm with blood/stool culture; complete full antibiotic course
Cholera,Bacterial,"Profuse watery diarrhea, vomiting, rapid dehydration",Oral rehydration salts (ORS); IV fluids for severe cases; doxycycline/azithromycin,Coconut water for oral rehydration support,"Rehydration is the priority, more urgent than antibiotics"
Bacterial Dysentery (Shigellosis),Bacterial,"Bloody diarrhea, abdominal cramps, fever, tenesmus",Ciprofloxacin or azithromycin; ORS for dehydration,"Guava leaf decoction (astringent, traditional use)",
Tuberculosis (Pulmonary),Bacterial,"Chronic cough >2 weeks, night sweats, weight loss, hemoptysis, fatigue","6-month DOTS regimen: isoniazid, rifampicin, pyrazinamide, ethambutol","Garlic, ginger, and honey used traditionally for cough relief (adjunct only)",Never substitute herbal remedies for anti-TB therapy; drug resistance risk
Leprosy (Hansen's Disease),Bacterial,"Pale/reddish skin patches with numbness, nerve thickening, muscle weakness","Multidrug therapy (dapsone, rifampicin, clofazimine)",Not a substitute for MDT,Early treatment prevents disability
Meningococcal Meningitis,Bacterial,"Severe headache, neck stiffness, high fever, photophobia, rash",IV ceftriaxone or penicillin; vaccination for prevention (meningitis belt),Not recommended - medical emergency,West Africa lies in the 'meningitis belt'; seek urgent care
Pneumonia (Bacterial),Bacterial/Respiratory,"Cough, fever, chest pain, fast/difficult breathing","Amoxicillin, or amoxicillin-clavulanate; oxygen if hypoxic",Ginger-garlic-honey mixture for symptomatic cough relief,Leading cause of under-5 mortality in region
Whooping Cough (Pertussis),Bacterial,"Severe coughing fits, whoop sound, vomiting after cough",Azithromycin or erythromycin; supportive care,Honey and lemon for cough soothing (not for infants under 1 year),Vaccine-preventable (DPT)
Diphtheria,Bacterial,"Sore throat, grey membrane in throat, fever, difficulty breathing",Diphtheria antitoxin plus erythromycin/penicillin,Not recommended - medical emergency,Vaccine-preventable
Tetanus,Bacterial,"Muscle stiffness/spasms, lockjaw, difficulty swallowing","Tetanus immunoglobulin, wound debridement, metronidazole, muscle relaxants",Not recommended - requires hospital care,Vaccine-preventable; ensure clean wound care and immunization
Buruli Ulcer,Bacterial,Painless skin nodule progressing to large ulcer,Rifampicin plus clarithromycin for 8 weeks; wound care/surgery if needed,Not a substitute for antibiotics,Common in West/Central Africa; early treatment prevents disability
Leptospirosis,Bacterial,"Fever, headache, muscle pain, jaundice, red eyes",Doxycycline or penicillin; supportive care,Not recommended,Associated with flooding/contact with contaminated water
Anthrax (Cutaneous),Bacterial,"Painless black-centered skin ulcer, swelling, fever",Ciprofloxacin or doxycycline; surgical care if needed,Not recommended,Associated with contact with infected livestock
Brucellosis,Bacterial,"Undulating fever, joint pain, fatigue, night sweats",Doxycycline plus rifampicin or streptomycin,Not recommended,Transmitted via unpasteurized dairy/livestock contact
Streptococcal Sore Throat,Bacterial,"Sore throat, fever, swollen tonsils, difficulty swallowing",Penicillin V or amoxicillin,Warm salt water gargle; ginger-honey tea for comfort,
Urinary Tract Infection (Bacterial),Bacterial,"Burning urination, frequency, urgency, lower abdominal pain","Nitrofurantoin, ciprofloxacin, or trimethoprim-sulfamethoxazole depending on culture",Increased water intake; unsweetened cranberry/hibiscus (zobo) tea as supportive measure,
Bacterial Skin Infection (Cellulitis),Bacterial,"Red, warm, swollen, painful skin area, fever",Flucloxacillin or amoxicillin-clavulanate,Warm compress; neem leaf wash for hygiene support,
Impetigo,Bacterial,"Honey-colored crusted skin sores, common in children",Topical mupirocin or oral flucloxacillin,Neem leaf wash for skin hygiene,
Otitis Media (Bacterial Ear Infection),Bacterial,"Ear pain, fever, hearing difficulty, ear discharge",Amoxicillin; analgesics for pain,Warm compress over ear,
Bacterial Conjunctivitis,Bacterial,"Red eye, purulent discharge, eyelid crusting","Topical antibiotic eye drops (e.g., chloramphenicol)",Clean warm water wash,
"Pertussis-like Chronic Cough (Bronchitis, bacterial)",Bacterial/Respiratory,"Persistent cough, mucus production, chest discomfort",Amoxicillin if bacterial superinfection suspected; supportive care,"Ginger, garlic, honey and lemon mixtures",Most bronchitis is viral; antibiotics not always needed
Gonorrhea,Bacterial/STI,"Urethral/vaginal discharge, painful urination, pelvic pain",Ceftriaxone plus azithromycin (dual therapy),Not recommended,Treat sexual partners; screen for co-infections
Chlamydia,Bacterial/STI,"Often asymptomatic; discharge, pelvic pain, painful urination",Azithromycin or doxycycline,Not recommended,
Syphilis,Bacterial/STI,"Painless genital sore (primary), rash (secondary), late organ damage (tertiary)",Benzathine penicillin G,Not recommended,Screen in pregnancy to prevent congenital syphilis
Trachoma,Bacterial (chlamydial eye infection),"Eye irritation, discharge, eyelid scarring, risk of blindness",Azithromycin (mass drug administration); eyelid surgery for advanced cases,Clean water face-washing (hygiene prevention),Leading infectious cause of blindness in endemic areas
Pelvic Inflammatory Disease,Bacterial (gynecological),"Lower abdominal pain, fever, abnormal discharge, painful intercourse","Combination antibiotics: ceftriaxone, doxycycline, metronidazole",Not recommended,Untreated PID can cause infertility
Bacterial Vaginosis,Bacterial,"Grey/thin vaginal discharge, fishy odor",Metronidazole or clindamycin,Not recommended,
Peptic Ulcer Disease (H. pylori associated),Bacterial/GI,"Epigastric pain, bloating, nausea, worsens with fasting",Triple therapy: proton pump inhibitor + clarithromycin + amoxicillin/metronidazole,"Unripe plantain (traditional use), cabbage juice (adjunct, limited evidence)",
Osteomyelitis,Bacterial,"Bone pain, swelling, fever, wound drainage",Prolonged IV/oral antibiotics per culture; surgical debridement if needed,Not recommended,
Neonatal Sepsis,Bacterial,"Poor feeding, lethargy, fever/hypothermia, fast breathing in newborn",IV ampicillin plus gentamicin (per protocol); hospital admission,Not recommended - medical emergency,
Lassa Fever,Viral (hemorrhagic),"Fever, sore throat, headache, vomiting, bleeding in severe cases","Ribavirin (early administration), supportive care/IV fluids",Not recommended - medical emergency,"Endemic in West Africa (Nigeria, Sierra Leone, Liberia, Guinea); notify health authorities"
Ebola Virus Disease,Viral (hemorrhagic),"Fever, severe weakness, muscle pain, vomiting, unexplained bleeding","Supportive care, IV fluids; monoclonal antibodies (e.g., mAb114, REGN-EB3) where available","Not recommended - medical emergency, highly contagious",Isolate and report immediately to health authorities
HIV/AIDS,Viral,"Recurrent infections, weight loss, fatigue, swollen lymph nodes, opportunistic infections",Antiretroviral therapy (ART) - lifelong combination regimen,"Moringa, bitter leaf used as general nutritional support (not antiviral substitutes)",Never replace ART with herbal treatment; adherence counseling essential
Hepatitis A,Viral,"Fatigue, nausea, jaundice, abdominal pain, dark urine","Supportive care, rest, hydration; vaccine for prevention","Bitter leaf, scent leaf for general liver support (unproven)",
Hepatitis B,Viral,"Fatigue, jaundice, abdominal pain; often chronic and asymptomatic","Antivirals (tenofovir, entecavir) for chronic active disease; vaccine for prevention",Not a substitute for antivirals,Screen pregnant women to prevent mother-to-child transmission
Hepatitis C,Viral,"Often asymptomatic; fatigue, jaundice in advanced disease","Direct-acting antivirals (e.g., sofosbuvir-based regimens)",Not recommended,
Hepatitis E,Viral,"Jaundice, fatigue, nausea, abdominal pain",Supportive care; caution in pregnancy (higher risk of severe disease),Not recommended,
Measles,Viral,"Fever, cough, runny nose, conjunctivitis, rash starting on face","Supportive care, vitamin A supplementation; vaccine for prevention",Zobo (hibiscus) drink for hydration support,Vaccine-preventable; watch for complications like pneumonia
Mumps,Viral,"Swollen salivary glands, fever, jaw pain","Supportive care, analgesics",Warm compress on swollen glands,
Rubella,Viral,"Mild fever, rash, swollen lymph nodes",Supportive care; vaccine for prevention,Not recommended,Danger in pregnancy - congenital rubella syndrome
Chickenpox (Varicella),Viral,"Itchy vesicular rash, fever, malaise","Supportive care, calamine lotion, antihistamines; antivirals in severe cases",Neem leaf bath (traditional for itch relief),
Herpes Zoster (Shingles),Viral,Painful vesicular rash along a nerve distribution,"Antivirals (acyclovir/valacyclovir), analgesics",Not recommended for antiviral treatment,
Herpes Simplex (Oral/Genital),Viral,Painful blisters/ulcers on mouth or genitals,Acyclovir or valacyclovir,Not recommended,
Common Cold,Viral,"Runny nose, sneezing, mild cough, sore throat","Supportive care, paracetamol, rest, fluids","Ginger-lemon-honey tea, garlic, scent leaf steam inhalation",
Influenza,Viral,"Fever, chills, body aches, cough, fatigue",Supportive care; antivirals (oseltamivir) in high-risk cases,"Ginger, garlic, and lemon tea for symptomatic relief",
COVID-19,Viral,"Fever, cough, loss of taste/smell, breathing difficulty",Supportive care; antivirals/oxygen for moderate-severe cases per protocol,"Ginger, garlic, lemon, and zobo tea for symptom relief (not curative)",Follow current national health guidance
Poliomyelitis,Viral,"Fever, limb weakness, paralysis (in a minority of cases)",Supportive care and rehabilitation; no cure - vaccine for prevention,Not recommended,Vaccine-preventable; report suspected cases
Rabies,Viral,"Fever, agitation, hydrophobia, paralysis (after bite exposure)",Post-exposure prophylaxis (rabies vaccine + immunoglobulin) - must start promptly,Not recommended - fatal once symptomatic,"Wash bite wound immediately with soap and water, seek care urgently"
Viral Conjunctivitis,Viral,"Red, watery eyes, mild discomfort, no thick discharge","Supportive care, cool compress, lubricating eye drops",Clean water wash,
"Viral Gastroenteritis (e.g., Rotavirus)",Viral,"Watery diarrhea, vomiting, fever, dehydration in children","Oral rehydration salts, zinc supplementation; vaccine (rotavirus) for prevention","Coconut water, rice water for hydration support",
Mpox (Monkeypox),Viral,"Fever, rash/lesions, swollen lymph nodes",Supportive care; antivirals (tecovirimat) in severe/high-risk cases,Not recommended,Isolate to prevent spread; report to health authorities
"Hand, Foot and Mouth Disease",Viral,"Mouth ulcers, rash on hands/feet, fever in children","Supportive care, paracetamol, fluids",Honey for mouth sores (not for infants under 1 year),
"Viral Hepatitis (Acute, unspecified)",Viral,"Jaundice, fatigue, nausea, dark urine","Supportive care, avoid hepatotoxic substances (including some herbs)",Caution: some herbal products can worsen liver injury,
Schistosomiasis (Bilharzia),Parasitic,"Blood in urine/stool, abdominal pain, fatigue, itchy skin after water contact",Praziquantel (single or repeat dose),Not a substitute for praziquantel,Common near freshwater bodies; mass drug administration programs exist
"Soil-Transmitted Helminths (Roundworm, Hookworm, Whipworm)",Parasitic,"Abdominal pain, diarrhea, weight loss, anemia (hookworm), visible worms in stool",Albendazole or mebendazole (single or repeat dose),Pawpaw (papaya) seeds and bitter kola used traditionally as dewormers,
Ascariasis (Roundworm),Parasitic,"Abdominal discomfort, worms in stool/vomit, growth impairment in children",Albendazole or mebendazole,Pawpaw seed extract (traditional),
Hookworm Infection,Parasitic,"Iron-deficiency anemia, fatigue, abdominal pain, itchy feet (larval entry)",Albendazole/mebendazole; iron supplementation for anemia,Not recommended as sole treatment,
Trichuriasis (Whipworm),Parasitic,"Diarrhea, abdominal pain, rectal prolapse in heavy infection",Mebendazole or albendazole,Not recommended,
Strongyloidiasis,Parasitic,"Abdominal pain, diarrhea, itchy skin rash (larva currens)",Ivermectin (drug of choice),Not recommended,
Taeniasis (Tapeworm),Parasitic,"Abdominal discomfort, visible worm segments in stool, mild weight loss",Praziquantel or niclosamide,Pumpkin seeds used traditionally,
Cysticercosis,Parasitic,"Seizures (if brain involved), muscle lumps, headache",Albendazole/praziquantel with steroids under medical supervision (neurocysticercosis needs specialist care),Not recommended,
Amoebiasis (Entamoeba histolytica),Parasitic,"Bloody diarrhea, abdominal cramps, occasional liver abscess","Metronidazole followed by a luminal agent (e.g., diloxanide furoate)","Guava leaf and pawpaw leaf decoction (traditional, adjunct only)",
Giardiasis,Parasitic,"Watery diarrhea, bloating, greasy stools, abdominal cramps",Metronidazole or tinidazole,Ginger tea for nausea support,
Loiasis (African Eye Worm),Parasitic,"Migrating skin swellings (Calabar swellings), visible worm in eye",Diethylcarbamazine (DEC); ivermectin used cautiously (risk with high Loa loa loads),Not recommended,Needs specialist assessment before mass drug administration due to complication risk
Guinea Worm Disease (Dracunculiasis),Parasitic,"Painful blister with emerging worm, usually on the leg/foot","No drug cure; manual extraction of worm, wound care, prevent water contamination",Not recommended - manage with clean water and wound care,Near-eradicated; report suspected cases
Toxoplasmosis,Parasitic,"Often asymptomatic; flu-like symptoms, risk to fetus if in pregnancy",Pyrimethamine plus sulfadiazine for symptomatic/at-risk cases,Not recommended,
Cutaneous Leishmaniasis,Parasitic,Skin sores/ulcers at sandfly bite site,Sodium stibogluconate or other antileishmanial agents (specialist care),Not recommended,
Visceral Leishmaniasis (Kala-azar),Parasitic,"Prolonged fever, weight loss, enlarged spleen/liver, anemia",Liposomal amphotericin B or sodium stibogluconate,Not recommended - medical emergency,
Scabies,Parasitic (mite),"Intense itching (worse at night), burrows, rash between fingers",Permethrin cream or oral ivermectin; treat close contacts,Neem leaf paste/oil applied topically (traditional),Wash clothing/bedding to prevent reinfection
Pediculosis (Head Lice),Parasitic,"Itchy scalp, visible lice/nits",Permethrin lotion or dimethicone,Coconut oil combing (traditional),
Malabsorption due to Intestinal Parasites,Parasitic,"Chronic diarrhea, weight loss, bloating, nutrient deficiency",Deworming per identified parasite; nutritional support,Balanced diet with local vegetables,
Enterobiasis (Pinworm),Parasitic,"Anal itching (worse at night), irritability in children",Mebendazole or albendazole; treat whole household,Not recommended,
Trichomoniasis,Parasitic/STI,"Vaginal/urethral discharge, itching, discomfort during urination",Metronidazole or tinidazole (treat partner too),Not recommended,
Tinea Corporis (Ringworm),Fungal,"Circular, itchy, scaly skin patches with raised edges",Topical antifungal (clotrimazole/terbinafine); oral antifungal if extensive,"Neem leaf paste, bitter leaf applied topically (traditional)",
Tinea Capitis (Scalp Ringworm),Fungal,"Scaly scalp patches, hair loss, itching",Oral griseofulvin or terbinafine plus antifungal shampoo,Neem-based shampoo (traditional adjunct),
Tinea Pedis (Athlete's Foot),Fungal,"Itchy, peeling skin between toes","Topical antifungal cream, keep feet dry",Neem oil application,
Candidiasis (Oral Thrush),Fungal,"White patches in mouth, soreness, difficulty feeding in infants",Nystatin oral suspension or fluconazole,Not recommended for infants; consult clinician,
Candidiasis (Vaginal),Fungal,"Itching, thick white discharge, soreness",Fluconazole (oral) or clotrimazole (topical),"Plain yogurt applied topically (traditional, limited evidence)",
Tinea Versicolor,Fungal,"Patchy discoloration of skin, mild scaling",Selenium sulfide shampoo or topical/oral antifungal,Not recommended,
Histoplasmosis,Fungal,"Fever, cough, fatigue; can be severe in immunocompromised",Itraconazole or amphotericin B for severe cases,Not recommended,
Cryptococcal Meningitis,Fungal,"Headache, fever, neck stiffness, confusion (often in HIV-positive patients)","Amphotericin B plus flucytosine, followed by fluconazole",Not recommended - medical emergency,
Mycetoma (Madura Foot),Fungal/Bacterial,Painless swelling of foot with draining sinuses,Prolonged antifungal or antibacterial therapy depending on cause; surgery in advanced cases,Not recommended,
Onychomycosis (Nail Fungus),Fungal,"Thickened, discolored, brittle nails",Oral terbinafine or topical antifungal lacquer,"Tea tree oil application (adjunct, limited evidence)",
Asthma,Respiratory,"Wheezing, shortness of breath, chest tightness, cough (often nocturnal)","Inhaled bronchodilators (salbutamol), inhaled corticosteroids for control",Steam inhalation with ginger/eucalyptus (symptomatic support only),Avoid known triggers; keep rescue inhaler accessible
Chronic Obstructive Pulmonary Disease (COPD),Respiratory,"Chronic cough, sputum, breathlessness on exertion","Bronchodilators, inhaled steroids, smoking/biomass smoke cessation",Not a cure; supportive teas only,
Acute Bronchitis,Respiratory,"Cough with mucus, chest discomfort, mild fever",Supportive care; antibiotics only if bacterial superinfection suspected,"Ginger-garlic-honey mixture, steam inhalation",
Sinusitis,Respiratory,"Facial pain/pressure, nasal congestion, thick nasal discharge","Nasal saline, decongestants; antibiotics if bacterial and prolonged",Steam inhalation with menthol/eucalyptus leaves,
Allergic Rhinitis,Respiratory,"Sneezing, runny/itchy nose, nasal congestion","Antihistamines, intranasal corticosteroids","Local honey (anecdotal, limited evidence)",
Silicosis / Occupational Lung Disease,Respiratory,"Progressive breathlessness, cough, chest tightness (miners/quarry workers)","Supportive care, oxygen therapy, avoid further dust exposure",Not recommended,
Croup,Respiratory,"Barking cough, hoarse voice, stridor in young children","Corticosteroids (dexamethasone), humidified air; nebulized epinephrine if severe",Steam/humidified air exposure,
Bronchiolitis,Respiratory,"Wheezing, rapid breathing, cough in infants","Supportive care, oxygen if needed; hospital care for severe cases",Not recommended,
Pleural Effusion (secondary),Respiratory,"Breathlessness, chest pain, reduced breath sounds","Treat underlying cause (e.g., TB, infection); drainage if large",Not recommended,
Gastroenteritis (General),Gastrointestinal,"Diarrhea, vomiting, abdominal cramps, fever","Oral rehydration salts, zinc (children), treat underlying cause if identified","Rice water, coconut water, guava leaf tea",
"Diarrhea, Acute (Child)",Gastrointestinal,"Frequent loose stools, dehydration signs, irritability",ORS plus zinc supplementation for 10-14 days,"Rice water, breastfeeding continuation",Leading cause of under-5 mortality; monitor for dehydration
Constipation,Gastrointestinal,"Infrequent/hard stools, straining, bloating","Increase fiber/fluids; laxatives (e.g., bisacodyl) if needed","Aloe vera juice, unripe pawpaw, high-fiber local vegetables",
Irritable Bowel Syndrome,Gastrointestinal,"Abdominal pain, bloating, altered bowel habits","Dietary modification, antispasmodics, fiber supplementation","Ginger tea, peppermint tea for symptomatic relief",
Gastroesophageal Reflux Disease (GERD),Gastrointestinal,"Heartburn, regurgitation, chest discomfort after meals","Proton pump inhibitors (omeprazole), H2 blockers, dietary changes",Ginger tea in moderation; avoid excess spicy/fatty foods,
Gastritis,Gastrointestinal,"Epigastric pain, nausea, bloating","Proton pump inhibitors, avoid NSAIDs/alcohol","Unripe plantain, cabbage juice (traditional)",
Liver Cirrhosis,Gastrointestinal/Hepatic,"Jaundice, abdominal swelling, fatigue, easy bruising","Treat underlying cause, manage complications, avoid hepatotoxic substances",Caution: many herbal products can worsen liver injury - use only under medical guidance,
Hemorrhoids,Gastrointestinal,"Rectal bleeding, pain, itching, swelling around anus","Fiber supplementation, topical treatments, sitz baths; surgery if severe","Aloe vera gel application, sitz bath with warm water and salt",
Appendicitis,Gastrointestinal (Surgical),"Right lower abdominal pain, fever, nausea, vomiting",Surgical appendectomy; antibiotics,Not recommended - surgical emergency,Seek urgent surgical evaluation
Cholecystitis / Gallstones,Gastrointestinal,"Right upper abdominal pain (worse after fatty meals), nausea","Analgesics, antibiotics if infected, surgery (cholecystectomy) definitive",Not recommended as sole treatment,
Pancreatitis (Acute),Gastrointestinal,"Severe upper abdominal pain radiating to back, vomiting","Hospital admission, IV fluids, pain control, treat underlying cause",Not recommended - medical emergency,
Colorectal Polyps,Gastrointestinal,Often asymptomatic; may cause bleeding or altered bowel habits,"Endoscopic removal (polypectomy), regular screening",Not recommended,
Lactose Intolerance,Gastrointestinal,"Bloating, diarrhea, gas after dairy intake","Dietary lactose avoidance/reduction, lactase supplements","Locally tolerated alternatives (e.g., plant-based milks)",
Malnutrition-related Diarrhea (Persistent),Gastrointestinal,"Chronic loose stools >14 days, weight loss in children","Nutritional rehabilitation, ORS/zinc, treat underlying infection","Nutrient-dense local foods (moringa, groundnut paste)",
Food Poisoning (Bacterial toxin),Gastrointestinal,"Sudden vomiting/diarrhea after eating, abdominal cramps","Supportive care, ORS; antibiotics rarely needed",Ginger tea for nausea,
Hypertension,Cardiovascular,"Often asymptomatic; headache, dizziness in some; found on routine check","ACE inhibitors, calcium channel blockers, thiazide diuretics; lifestyle modification","Hibiscus (zobo) tea, garlic, reduced salt intake (supportive, not a replacement for medication)",Very common in West Africa; regular monitoring essential
Heart Failure,Cardiovascular,"Breathlessness, leg swelling, fatigue, orthopnea","ACE inhibitors/ARBs, beta-blockers, diuretics, manage underlying cause",Not a substitute for medication,
Coronary Artery Disease / Angina,Cardiovascular,"Chest pain/pressure on exertion, breathlessness","Aspirin, statins, beta-blockers, nitrates; lifestyle changes",Not recommended as sole treatment,
Myocardial Infarction (Heart Attack),Cardiovascular,"Severe chest pain, sweating, breathlessness, arm/jaw pain","Emergency care: aspirin, reperfusion therapy, hospital admission",Not recommended - medical emergency,Call for emergency care immediately
Stroke,Cardiovascular/Neurological,"Sudden weakness/numbness (one side), slurred speech, confusion","Emergency care; thrombolysis (if eligible), blood pressure management, rehabilitation",Not recommended - medical emergency,Time-critical; seek urgent hospital care
Rheumatic Heart Disease,Cardiovascular,"Breathlessness, fatigue, palpitations, history of rheumatic fever","Penicillin prophylaxis, manage heart failure symptoms, valve surgery if severe",Not recommended,
Deep Vein Thrombosis,Cardiovascular,"Leg swelling, pain, warmth, redness",Anticoagulation (heparin/warfarin or DOACs),Not recommended,
Peripheral Artery Disease,Cardiovascular,"Leg pain on walking (claudication), cold limbs","Antiplatelets, statins, exercise therapy, manage risk factors",Not recommended,
Cardiomyopathy (Peripartum),Cardiovascular,"Breathlessness, swelling, fatigue in late pregnancy/postpartum",Heart failure management under specialist care,Not recommended - specialist care required,
Varicose Veins,Cardiovascular,"Swollen, twisted visible veins, leg heaviness","Compression stockings, lifestyle measures; sclerotherapy/surgery if severe","Leg elevation, warm compress",
Type 2 Diabetes Mellitus,Endocrine/Metabolic,"Excess thirst, frequent urination, fatigue, blurred vision, slow wound healing","Metformin, sulfonylureas, insulin if needed; diet/exercise","Bitter leaf (Vernonia amygdalina), bitter gourd, moringa used traditionally (monitor blood sugar, not a replacement for medication)",Regular blood glucose monitoring essential
Type 1 Diabetes Mellitus,Endocrine/Metabolic,"Rapid weight loss, excess thirst/urination, fatigue in children/young adults",Insulin therapy (lifelong),Not a substitute for insulin - can be fatal if delayed,
Diabetic Ketoacidosis,Endocrine/Metabolic,"Vomiting, abdominal pain, rapid breathing, confusion","Emergency IV fluids, insulin, electrolyte correction (hospital)",Not recommended - medical emergency,
Hypothyroidism,Endocrine,"Fatigue, weight gain, cold intolerance, constipation",Levothyroxine replacement therapy,Not recommended,
Hyperthyroidism / Graves' Disease,Endocrine,"Weight loss, palpitations, heat intolerance, tremor, bulging eyes","Antithyroid drugs (carbimazole), beta-blockers, radioactive iodine or surgery",Not recommended,
Goitre (Iodine Deficiency),Endocrine,"Visible neck swelling, may cause difficulty swallowing","Iodine supplementation, thyroid hormone if hypothyroid, iodized salt use",Iodized salt in diet,
Obesity,Metabolic,"Excess body weight, breathlessness, joint strain","Dietary counseling, physical activity, medication/surgery in select cases",Increased intake of local vegetables and fiber; portion control,
Metabolic Syndrome,Metabolic,"Central obesity, elevated blood pressure/glucose/lipids","Lifestyle modification, manage individual components (BP, glucose, lipids)","Reduced salt/sugar intake, increased local vegetable consumption",
Gout,Metabolic,"Sudden severe joint pain (often big toe), swelling, redness","NSAIDs, colchicine for acute attacks; allopurinol for prevention","Reduced purine-rich food intake, increased water intake",
Dyslipidemia (High Cholesterol),Metabolic,Usually asymptomatic; found on blood test,"Statins, dietary modification, exercise","Garlic, oats-based diet, reduced fried food intake",
Vitamin D Deficiency,Endocrine/Nutritional,"Bone pain, muscle weakness, fatigue","Vitamin D supplementation, sunlight exposure","Sun exposure, fish consumption",
Addison's Disease,Endocrine,"Fatigue, weight loss, low blood pressure, skin darkening",Corticosteroid replacement therapy (hydrocortisone),Not recommended,
Cushing's Syndrome,Endocrine,"Weight gain (central), moon face, purple stretch marks, high BP",Treat underlying cause (reduce steroid use or remove tumor),Not recommended,
Chronic Kidney Disease,Renal,"Fatigue, swelling, reduced urine output, hypertension","Blood pressure control, dietary modification, dialysis/transplant in advanced disease",Caution: many herbal remedies are nephrotoxic and should be avoided,
Acute Kidney Injury,Renal,"Sudden reduced urine output, swelling, confusion","Treat underlying cause, IV fluids/dialysis as needed (hospital care)",Not recommended - medical emergency,
Nephrotic Syndrome,Renal,"Severe swelling, frothy urine, weight gain","Corticosteroids, diuretics, dietary sodium restriction",Not recommended,
Kidney Stones,Renal/Urology,"Severe flank pain, blood in urine, nausea","Analgesics, increased fluid intake, lithotripsy/surgery if large",Increased water intake; lemon water (may help prevent certain stone types),
Benign Prostatic Hyperplasia,Urology,"Weak urine stream, frequent urination, nighttime urination","Alpha-blockers (tamsulosin), 5-alpha reductase inhibitors; surgery if severe",Saw palmuto/pumpkin seed extract (limited evidence),
Urinary Incontinence,Urology,Involuntary urine leakage,"Pelvic floor exercises, medications, surgery depending on cause",Not recommended as sole treatment,
Epilepsy,Neurological,"Recurrent seizures, loss of consciousness, convulsions","Anticonvulsants (e.g., phenobarbital, carbamazepine, sodium valproate)",Not a substitute for anticonvulsants; avoid stigmatizing traditional practices that delay care,"Community education important - epilepsy is a medical, not spiritual, condition"
Migraine,Neurological,"Throbbing unilateral headache, nausea, light/sound sensitivity","Analgesics, triptans for acute attacks; preventive medication if frequent","Ginger tea, peppermint oil applied to temples",
Tension Headache,Neurological,"Dull, band-like head pain, neck tightness","Paracetamol/NSAIDs, stress management","Peppermint oil, relaxation techniques",
Peripheral Neuropathy,Neurological,"Numbness, tingling, burning pain in extremities","Treat underlying cause (e.g., diabetes control), gabapentin/amitriptyline for pain",Not recommended as sole treatment,
Bell's Palsy,Neurological,Sudden one-sided facial weakness/drooping,"Corticosteroids (early), eye protection, physiotherapy",Not recommended,
Parkinson's Disease,Neurological,"Tremor, rigidity, slow movement, balance difficulty","Levodopa-carbidopa, dopamine agonists",Not recommended,
Dementia (Alzheimer's type),Neurological,"Progressive memory loss, confusion, personality change","Cholinesterase inhibitors, supportive care, caregiver support",Not recommended as sole treatment,
Cerebral Palsy,Neurological (developmental),"Motor impairment, abnormal muscle tone from early childhood","Physiotherapy, occupational therapy, supportive management",Not recommended as sole treatment,
Febrile Seizures (Children),Neurological,Seizure associated with high fever in young children,"Fever management (paracetamol), safety positioning; medical evaluation",Tepid sponging for fever (avoid cold water/ice),Seek medical evaluation for first episode
Osteoarthritis,Musculoskeletal,"Joint pain/stiffness, worse with activity, reduced mobility","Paracetamol/NSAIDs, physiotherapy, weight management","Ginger, turmeric for anti-inflammatory support; warm compress",
Rheumatoid Arthritis,Musculoskeletal (autoimmune),"Symmetric joint pain/swelling, morning stiffness, fatigue","NSAIDs, disease-modifying drugs (methotrexate), corticosteroids",Not a substitute for DMARDs,
Low Back Pain,Musculoskeletal,"Lower back pain, may radiate to leg, stiffness","Analgesics/NSAIDs, physiotherapy, activity modification","Warm compress, ginger/turmeric paste application",
Sickle Cell Disease,Hematological/Genetic,"Recurrent pain crises, anemia, jaundice, fatigue, swelling of hands/feet","Hydroxyurea, folic acid, pain management during crises, blood transfusion when needed","Adequate hydration, warm compress during pain crisis (supportive, not curative)",Very common in West Africa; genetic counseling and newborn screening recommended
Osteoporosis,Musculoskeletal,"Bone fragility, fractures with minimal trauma","Calcium/vitamin D supplementation, bisphosphonates, weight-bearing exercise","Calcium-rich local foods (e.g., leafy greens, dried fish with bones)",
Fractures,Musculoskeletal (Trauma),"Pain, swelling, deformity, inability to bear weight after injury","Immobilization/casting, analgesia, surgical fixation if needed",Not recommended as substitute - traditional bone-setting carries risk of complications if not done safely,
Sprains and Strains,Musculoskeletal,"Pain, swelling, bruising after joint/muscle injury","RICE (rest, ice, compression, elevation), NSAIDs",Warm compress after initial swelling subsides,
Muscle Cramps,Musculoskeletal,Sudden painful muscle contraction,"Stretching, hydration, electrolyte correction",Adequate hydration and mineral-rich diet,
Fibromyalgia,Musculoskeletal,"Widespread pain, fatigue, sleep disturbance","Analgesics, low-dose antidepressants, exercise therapy",Not recommended as sole treatment,
Frozen Shoulder,Musculoskeletal,"Shoulder stiffness and pain, reduced range of motion","Physiotherapy, NSAIDs, corticosteroid injection if needed","Warm compress, gentle massage",
Eczema (Atopic Dermatitis),Dermatological,"Itchy, dry, inflamed skin patches","Emollients, topical corticosteroids, antihistamines for itching","Shea butter, coconut oil for skin moisturizing",
Psoriasis,Dermatological,"Thick, scaly, red skin plaques","Topical corticosteroids, vitamin D analogues, phototherapy for severe cases",Aloe vera gel application (supportive),
Acne Vulgaris,Dermatological,"Pimples, blackheads, oily skin, scarring in severe cases","Topical retinoids, benzoyl peroxide, oral antibiotics for moderate-severe cases","Neem paste, aloe vera gel (supportive)",
Contact Dermatitis,Dermatological,"Red, itchy rash after contact with irritant/allergen","Avoid trigger, topical corticosteroids, antihistamines",Aloe vera gel application,
Urticaria (Hives),Dermatological,"Itchy raised welts on skin, may come and go",Antihistamines; identify and avoid trigger,Not recommended as sole treatment,
Vitiligo,Dermatological,Patchy loss of skin pigmentation,"Topical corticosteroids/calcineurin inhibitors, phototherapy",Not recommended as sole treatment,
Albinism-related Skin Issues,Dermatological,"Sun sensitivity, increased skin cancer risk","Sun protection (clothing, sunscreen), regular skin checks",Shea butter for skin moisture (not sun protection substitute),Sunscreen use is essential - not optional
Melasma,Dermatological,"Dark patches on face, worsened by sun exposure","Sun protection, topical hydroquinone/retinoids under guidance",Not recommended without medical guidance,
Boils (Furunculosis),Dermatological,"Painful red lump with pus, often recurrent","Warm compress, incision and drainage if fluctuant, antibiotics if spreading",Warm compress with neem leaf water,
Keloids,Dermatological,"Raised, thickened scar tissue beyond wound edges","Corticosteroid injections, silicone sheeting, surgical options (with recurrence risk)",Not recommended as sole treatment,Common concern; consult dermatologist for cosmetic-sensitive scars
Pityriasis Rosea,Dermatological,"Oval scaly patches on trunk, often after a 'herald patch'","Usually self-limiting; antihistamines for itching, moisturizers",Not recommended,
Skin Abscess,Dermatological,"Painful, swollen, pus-filled lump","Incision and drainage, antibiotics if cellulitis present",Warm compress,
Chronic Leg Ulcers,Dermatological,"Non-healing skin wound, often on lower leg","Wound care, treat underlying cause (venous, diabetic, sickle cell), antibiotics if infected","Honey dressing (traditional wound care, evidence-supported for some uses)",
Prickly Heat (Miliaria),Dermatological,"Small itchy red bumps in hot, humid conditions","Cool environment, loose clothing, calamine lotion","Talcum/shea-based powders, aloe vera gel",
Alopecia (Hair Loss),Dermatological,Patchy or diffuse hair loss,Treat underlying cause; topical minoxidil for pattern hair loss,"Coconut oil, castor oil scalp massage (traditional, limited evidence)",
Photodermatitis (Sun Allergy),Dermatological,Rash after sun exposure,"Sun avoidance, protective clothing, antihistamines",Shea butter for skin protection (supportive),
Cataract,Eye,"Progressive blurry vision, glare sensitivity, cloudy pupil",Surgical lens replacement (definitive treatment),Not recommended - surgery is only cure,
Glaucoma,Eye,"Gradual peripheral vision loss, eye pain (acute form), halos around lights","Topical eye drops (e.g., timolol, latanoprost), laser or surgery if needed",Not recommended - risk of vision loss without treatment,Regular eye pressure checks important
Refractive Errors (Near/Far-sightedness),Eye,"Blurred vision, eye strain, headaches",Corrective glasses or contact lenses,Not applicable,
Vitamin A Deficiency (Xerophthalmia),Eye/Nutritional,"Night blindness, dry eyes, corneal damage in severe cases","Vitamin A supplementation, dietary improvement","Increased intake of red palm oil, carrots, dark leafy greens, mango",Common in children with poor diet diversity
Otitis Externa (Swimmer's Ear),ENT,"Ear pain, itching, discharge, worse with ear pulling","Topical antibiotic/antifungal ear drops, keep ear dry",Warm compress,
Epistaxis (Nosebleed),ENT,"Bleeding from the nose, may be recurrent","Pinch nostrils, cold compress; cauterization if recurrent/severe",Cold compress on nose bridge,
Tonsillitis,ENT,"Sore throat, swollen tonsils, fever, difficulty swallowing",Analgesics; antibiotics if bacterial (streptococcal),"Warm salt water gargle, ginger-honey tea",
Hearing Loss (Age-related/Noise-induced),ENT,"Gradual difficulty hearing, especially high pitches","Hearing aids, avoid loud noise exposure, treat reversible causes",Not applicable,
Dental Caries (Tooth Decay),Dental/Oral,"Tooth pain, sensitivity, visible cavity","Dental filling, extraction if severe, fluoride treatment","Chewing stick (e.g., miswak-type sticks used traditionally for oral hygiene)",
Gingivitis / Periodontal Disease,Dental/Oral,"Bleeding, swollen gums, bad breath","Professional dental cleaning, improved oral hygiene, antiseptic mouthwash","Salt water rinse, chewing stick use",
Dental Abscess,Dental/Oral,"Severe tooth pain, facial swelling, fever","Antibiotics, dental drainage/extraction","Warm salt water rinse (supportive only, not curative)",
Mouth Ulcers (Aphthous Stomatitis),Dental/Oral,Small painful sores inside mouth,"Topical analgesic gels, avoid irritant foods","Honey application, salt water rinse",
Depression,Mental Health,"Persistent sadness, loss of interest, fatigue, sleep/appetite changes","Antidepressants (e.g., SSRIs), psychotherapy/counseling",Community and family support; avoid substituting therapy with unproven remedies,Stigma reduction and access to counseling are important; seek professional help
Anxiety Disorders,Mental Health,"Excessive worry, restlessness, rapid heartbeat, difficulty concentrating","Psychotherapy (CBT), and medication (SSRIs/benzodiazepines short-term) if needed","Relaxation techniques, community support",
Postpartum Depression,Mental Health,"Low mood, difficulty bonding with baby, fatigue after childbirth","Counseling, antidepressants if needed, family support",Community/family support system,
Substance Use Disorder,Mental Health,"Compulsive substance use, withdrawal symptoms, impaired function","Counseling, supervised detoxification, rehabilitation programs",Not recommended as sole treatment,Seek professional addiction services
Psychosis / Schizophrenia,Mental Health,"Hallucinations, delusions, disorganized thinking","Antipsychotic medication, psychosocial support",Not a substitute for medication,Avoid stigmatizing traditional practices that delay psychiatric care
Post-Traumatic Stress Disorder (PTSD),Mental Health,"Flashbacks, avoidance, hypervigilance after trauma","Trauma-focused psychotherapy, medication if needed",Community/family support,
Pre-eclampsia / Eclampsia,Maternal Health,"High blood pressure in pregnancy, swelling, protein in urine, seizures (eclampsia)","Antihypertensives, magnesium sulfate for seizure prevention, delivery when indicated",Not recommended - medical emergency requiring hospital care,
Postpartum Hemorrhage,Maternal Health,Excessive bleeding after childbirth,"Uterotonics (oxytocin), fluid resuscitation, emergency obstetric care",Not recommended - medical emergency,
Anemia in Pregnancy,Maternal Health,"Fatigue, pallor, breathlessness during pregnancy","Iron and folic acid supplementation, treat underlying cause","Iron-rich local foods (leafy greens, liver, beans)",
Obstructed Labour,Maternal Health,"Prolonged labour, severe pain, fetal distress","Emergency obstetric care, possible cesarean section",Not recommended - medical emergency,
Ectopic Pregnancy,Maternal Health,"Abdominal pain, vaginal bleeding, dizziness in early pregnancy",Emergency surgical or medical management,Not recommended - medical emergency,
Miscarriage (Spontaneous Abortion),Maternal Health,"Vaginal bleeding, cramping, passage of tissue in early pregnancy",Medical evaluation; may need medication or surgical management,Not recommended without medical evaluation,
Infertility,Reproductive Health,Inability to conceive after 12 months of trying,"Fertility evaluation and treatment (both partners), assisted reproduction if needed",Community counseling support; avoid unproven remedies that delay proper evaluation,
Menstrual Disorders (Dysmenorrhea),Reproductive Health,Painful menstrual cramps,"NSAIDs, hormonal treatment if severe","Warm compress, ginger tea",
Uterine Fibroids,Reproductive Health,"Heavy menstrual bleeding, pelvic pain/pressure","Hormonal treatment, myomectomy or hysterectomy if severe",Not recommended as sole treatment,
Female Genital Cutting Complications,Reproductive Health,"Bleeding, infection, chronic pain, childbirth complications","Wound care, infection treatment, reconstructive surgery when needed, counseling",Not recommended,Prevention through education is key; complications need specialist care
Prostate Cancer Screening Concerns,Reproductive/Urology,"Urinary changes, pelvic pain (often asymptomatic early)","PSA screening for at-risk men, biopsy/treatment per specialist evaluation",Not recommended as sole treatment,
Severe Acute Malnutrition (Kwashiorkor),Nutritional (Pediatric),"Swelling (edema), thin limbs, skin/hair changes, irritability in children","Therapeutic feeding (RUTF), treat infections, hospital care for complications",Locally available protein-rich foods once stabilized (under guidance),Medical emergency in severe cases
Severe Acute Malnutrition (Marasmus),Nutritional (Pediatric),"Severe wasting, visible ribs, low weight-for-height","Therapeutic feeding programs, treat infections",Nutrient-dense local foods once stabilized,
Iron Deficiency Anemia,Nutritional,"Fatigue, pallor, breathlessness, poor concentration","Iron supplementation, dietary improvement, treat underlying cause","Iron-rich foods: liver, beans, dark leafy greens, dried fish",
Rickets (Vitamin D/Calcium Deficiency),Nutritional (Pediatric),"Bone deformity, delayed growth, bowed legs in children",Vitamin D and calcium supplementation,"Sunlight exposure, calcium-rich foods",
Failure to Thrive,Pediatric,Poor weight gain/growth in infants/children,"Nutritional assessment and support, treat underlying medical cause",Nutrient-dense weaning foods,
Diaper/Nappy Rash,Pediatric/Dermatological,"Red, irritated skin in diaper area","Barrier cream (zinc oxide), frequent diaper changes",Shea butter application,
"Umbilical Cord Infection (Omphalitis, Newborn)",Pediatric,"Redness, discharge, foul smell at umbilical stump","Topical/systemic antibiotics, hospital care if severe",Keep cord clean and dry; avoid unclean substances on cord,"Avoid traditional substances (ash, herbs) directly on umbilical stump - infection risk"
Neonatal Jaundice,Pediatric,Yellowing of skin/eyes in newborn,Phototherapy; exchange transfusion in severe cases,Not recommended - medical evaluation needed,Sunlight exposure alone is not sufficient treatment for significant jaundice
Colic (Infant),Pediatric,Excessive crying in an otherwise healthy infant,"Reassurance, feeding technique review, gentle abdominal massage",Gentle warm compress on abdomen,
Growth Stunting (Chronic Malnutrition),Nutritional (Pediatric),"Short stature for age, delayed development","Nutritional rehabilitation, address recurrent infections, improve diet diversity","Diverse local diet: eggs, beans, groundnuts, vegetables",
Sickle Cell Trait Counseling,Hematological/Genetic,Usually asymptomatic; important for genetic counseling,"Genetic counseling, screening before marriage/childbearing (community practice)",Not applicable,
G6PD Deficiency,Hematological/Genetic,"Jaundice/anemia triggered by certain drugs, foods (fava beans), infections","Avoid triggering drugs/foods, supportive care during hemolytic episodes",Not recommended,
Thalassemia,Hematological/Genetic,"Anemia, fatigue, growth delay in children","Blood transfusions, iron chelation therapy, folic acid",Not recommended as sole treatment,
Aplastic Anemia,Hematological,"Fatigue, easy bruising, recurrent infections","Blood transfusion, immunosuppressive therapy, bone marrow transplant in select cases",Not recommended,
Hemophilia,Hematological/Genetic,"Prolonged bleeding, easy bruising, joint bleeds","Factor replacement therapy, avoid trauma/NSAIDs",Not recommended,
Folate Deficiency Anemia,Hematological/Nutritional,"Fatigue, pallor, glossitis","Folic acid supplementation, dietary improvement","Green leafy vegetables, beans",
Cervical Cancer,Oncology,"Abnormal vaginal bleeding/discharge, pelvic pain (often late symptoms)","HPV vaccination for prevention, screening (Pap smear/VIA), surgery/chemoradiation per stage",Not recommended as treatment,Leading cancer among women in the region; screening saves lives
Breast Cancer,Oncology,"Breast lump, skin changes, nipple discharge","Surgery, chemotherapy, radiotherapy, hormonal therapy per stage",Not recommended as sole treatment - delays worsen prognosis,Early detection through self-exam and screening improves outcomes
Liver Cancer (Hepatocellular Carcinoma),Oncology,"Abdominal pain, weight loss, jaundice, abdominal swelling","Surgery, targeted therapy, palliative care depending on stage",Not recommended,Often linked to chronic Hepatitis B/C - vaccination and screening help prevent
Prostate Cancer,Oncology,"Urinary difficulty, pelvic pain (often asymptomatic early)","Surgery, radiotherapy, hormonal therapy per stage and PSA/biopsy findings",Not recommended as sole treatment,
Burkitt Lymphoma,Oncology (Pediatric),Rapidly growing jaw/facial or abdominal mass in children,Intensive chemotherapy (specialist pediatric oncology care),Not recommended - urgent specialist referral needed,Common childhood cancer in region; time-sensitive
Kaposi Sarcoma,Oncology,"Purple/brown skin lesions, often associated with HIV","Antiretroviral therapy, chemotherapy for advanced disease",Not recommended,
Esophageal Cancer,Oncology,"Difficulty swallowing, weight loss, chest discomfort","Surgery, chemoradiotherapy depending on stage",Not recommended,
Colorectal Cancer,Oncology,"Change in bowel habits, rectal bleeding, weight loss","Surgery, chemotherapy, screening (colonoscopy) for early detection",Not recommended,
Rift Valley Fever,Zoonotic (Viral),"Fever, weakness, back pain; rare hemorrhagic/eye complications",Supportive care; no specific antiviral,Not recommended,Avoid contact with sick livestock
Q Fever,Zoonotic (Bacterial),"Fever, headache, fatigue, pneumonia-like symptoms",Doxycycline,Not recommended,
Snakebite Envenomation,Toxicological/Emergency,"Swelling, pain, bleeding, paralysis, or shock after snakebite","Antivenom (species-specific), supportive care, hospital admission",Not recommended - can delay life-saving antivenom; keep bite area immobilized and seek care immediately,"Do not cut, suck, or apply tourniquet to the wound; seek hospital care urgently"
Scorpion Sting,Toxicological,"Severe local pain, swelling, occasionally systemic symptoms","Analgesics, antivenom for severe systemic cases, supportive care",Cold compress for pain relief,
Food-borne Botulism,Bacterial/Toxin,"Progressive muscle weakness, difficulty swallowing/breathing","Antitoxin, supportive/respiratory care (hospital emergency)",Not recommended - medical emergency,
Heat Stroke,Environmental,"High body temperature, confusion, hot dry skin, collapse","Rapid cooling, IV fluids, emergency care","Cool water sponging, shade, oral fluids for mild heat exhaustion",Medical emergency if severe
Malnutrition-associated Noma (Cancrum Oris),Bacterial/Nutritional (Pediatric),Rapidly destructive gangrenous infection of the mouth/face in malnourished children,"Urgent antibiotics, nutritional rehabilitation, surgical reconstruction later",Not recommended - medical emergency,Rare but severe; linked to malnutrition and poor sanitation
"Otitis Media, Chronic Suppurative",ENT,"Persistent ear discharge, hearing loss","Topical antibiotic/antiseptic ear drops, ear dryness, surgery if needed",Keep ear dry; avoid inserting foreign objects,
Pharyngitis (Viral),Viral/Respiratory,"Sore throat, mild fever, no pus on tonsils","Supportive care, analgesics, warm fluids","Warm salt water gargle, ginger-honey tea",
Malaria in Pregnancy,Vector-borne,"Fever, chills, anemia, risk of low birth weight","ACT (per trimester guidance), intermittent preventive treatment with sulfadoxine-pyrimethamine",Not recommended as sole treatment,High-risk group; needs prompt orthodox treatment
Anemia of Chronic Disease,Hematological,"Fatigue, pallor, associated with chronic illness","Treat underlying condition, iron only if deficiency confirmed","Balanced, iron-rich diet",
Chronic Fatigue Syndrome,General/Unclear etiology,"Persistent fatigue not relieved by rest, poor concentration","Graded activity, symptom management, rule out other causes","Balanced diet, adequate rest",
Vertigo (Benign Paroxysmal Positional),Neurological/ENT,Sudden spinning sensation with head movement,"Epley maneuver (repositioning), antivertigo medication (e.g., betahistine)",Ginger tea for nausea,
Motion Sickness,General,"Nausea, dizziness during travel","Antihistamines (e.g., dimenhydrinate), avoid reading while moving",Ginger (tea/capsule/candy),
Insomnia,Sleep/Mental Health,"Difficulty falling/staying asleep, daytime fatigue","Sleep hygiene counseling, short-term sedatives if needed, treat underlying cause","Warm milk, chamomile-type herbal tea, relaxation routine",
Obstructive Sleep Apnea,Sleep/Respiratory,"Loud snoring, breathing pauses during sleep, daytime sleepiness","Weight management, CPAP therapy, surgery in select cases",Not recommended as sole treatment,
Chronic Pelvic Pain,Reproductive Health,Persistent lower abdominal/pelvic pain,"Identify and treat underlying cause; analgesics, hormonal therapy if indicated",Warm compress,
Endometriosis,Reproductive Health,"Painful periods, pelvic pain, infertility","Hormonal therapy, NSAIDs, surgery in severe cases",Not recommended as sole treatment,
Menopause Symptoms,Reproductive Health,"Hot flashes, mood changes, irregular periods","Hormone replacement therapy (selected cases), symptomatic treatment","Balanced diet with phytoestrogen-rich foods (e.g., soybeans) - evidence limited",
Erectile Dysfunction,Reproductive/Urology,Difficulty achieving/maintaining erection,"PDE5 inhibitors (e.g., sildenafil), address underlying cause (diabetes, cardiovascular disease)","Not recommended without medical evaluation, especially in men with heart disease",
Malaria-associated Anemia (Children),Hematological/Vector-borne,"Pallor, fatigue, poor feeding in children with repeated malaria","Antimalarial treatment, iron supplementation, blood transfusion if severe",Iron-rich diet,
Xerosis (Dry Skin),Dermatological,"Dry, flaky, itchy skin, common in harmattan season","Emollients/moisturizers, avoid harsh soap","Shea butter, coconut oil application",
Sunburn,Dermatological,"Red, painful skin after sun exposure","Cool compress, moisturizer, analgesics; sun protection prevention",Aloe vera gel application,
Insect Bite Reactions,Dermatological/Allergic,"Itchy, red, swollen area at bite site","Antihistamines, topical corticosteroid cream, cold compress","Aloe vera gel, neem oil application",
Food Allergy,Allergic/Immunologic,"Rash, swelling, digestive upset, or anaphylaxis after eating trigger food","Avoid trigger food; antihistamines, epinephrine for anaphylaxis",Not recommended as sole treatment for severe reactions,
Anaphylaxis,Allergic/Emergency,"Sudden swelling, breathing difficulty, low blood pressure after allergen exposure","Immediate epinephrine injection, emergency care",Not recommended - medical emergency,Call for emergency help immediately
Malocclusion (Dental),Dental/Oral,Misaligned teeth/bite,Orthodontic treatment (braces),Not applicable,
Otomycosis (Fungal Ear Infection),Fungal/ENT,"Ear itching, discharge, discomfort","Topical antifungal ear drops, keep ear dry",Not recommended as sole treatment,
Malaria-Typhoid Co-infection,Vector-borne/Bacterial,"Prolonged fever, weakness, abdominal discomfort",Confirm both diagnoses; treat with ACT plus appropriate antibiotic,Not recommended as sole treatment,Common presentation in the region; avoid presumptive treatment without testing where possible
"Chronic Cough (Non-TB, Non-asthma)",Respiratory,Persistent cough >8 weeks without clear cause,"Investigate underlying cause (GERD, postnasal drip, medication); treat accordingly",Ginger-honey tea for symptomatic relief,
Malnutrition-related Edema,Nutritional,Swelling of feet/legs/face due to poor nutrition,"Nutritional rehabilitation, treat underlying cause (protein deficiency)",Protein-rich local foods once medically stabilized,
Heat Cramps / Dehydration (Exertional),Environmental,"Muscle cramps, thirst, fatigue in hot weather/exertion","Oral rehydration with fluids/electrolytes, rest in cool area","Coconut water, fruit-based rehydration drinks",
Hyperreactive Malarial Splenomegaly,Vector-borne/Hematological,"Chronic massive spleen enlargement, fatigue, anemia","Long-term antimalarial prophylaxis, specialist management",Not recommended as sole treatment,
Down Syndrome-related Health Concerns,Genetic/Developmental,"Developmental delay, characteristic features, associated heart/thyroid issues","Multidisciplinary supportive care, screening for associated conditions",Not applicable,
Autism Spectrum Disorder,Developmental,"Social communication differences, repetitive behaviors","Behavioral therapy, early intervention, supportive education",Not applicable - avoid unproven 'cures',Early support services improve outcomes
Attention-Deficit/Hyperactivity Disorder (ADHD),Developmental/Mental Health,"Inattention, hyperactivity, impulsivity in children","Behavioral therapy, stimulant medication if indicated",Not recommended as sole treatment,
Malabsorption Syndrome (General),Gastrointestinal,"Chronic diarrhea, weight loss, nutrient deficiencies","Identify and treat underlying cause, nutritional support",Nutrient-dense diet under guidance,
Carotenemia (Excess Carotene Intake),General/Nutritional,Yellow-orange skin discoloration without jaundice (eyes remain white),Usually benign; reduce excess intake if desired,Not applicable - generally harmless,Distinguish from true jaundice via eye examination
Malaria Prevention / Vector Control,Vector-borne,N/A - preventive care,"Insecticide-treated bed nets, indoor residual spraying, prompt treatment-seeking","Neem-based repellents (supportive, not a substitute for ITNs)",Prevention is central to reducing regional malaria burden
